{"files":["portfolio.com_wpvivid-64c1210803d24_2023-07-26-13-35_backup_db.sql"],"tables":[{"name":"wp_wc_category_lookup","size":16384,"rows":"0"},{"name":"wp_wc_reserved_stock","size":16384,"rows":"0"},{"name":"wp_woocommerce_shipping_zone_methods","size":16384,"rows":"0"},{"name":"wp_woocommerce_shipping_zones","size":16384,"rows":"0"},{"name":"wp_wpforms_tasks_meta","size":16384,"rows":"4"},{"name":"wp_actionscheduler_claims","size":32768,"rows":"0"},{"name":"wp_actionscheduler_groups","size":32768,"rows":"4"},{"name":"wp_e_events","size":32768,"rows":"10"},{"name":"wp_links","size":32768,"rows":"0"},{"name":"wp_term_relationships","size":32768,"rows":"28"},{"name":"wp_wc_product_attributes_lookup","size":32768,"rows":"0"},{"name":"wp_wc_product_download_directories","size":32768,"rows":"2"},{"name":"wp_wc_rate_limits","size":32768,"rows":"0"},{"name":"wp_wc_tax_rate_classes","size":32768,"rows":"2"},{"name":"wp_wc_webhooks","size":32768,"rows":"0"},{"name":"wp_woocommerce_attribute_taxonomies","size":32768,"rows":"0"},{"name":"wp_woocommerce_log","size":32768,"rows":"0"},{"name":"wp_woocommerce_order_items","size":32768,"rows":"0"},{"name":"wp_woocommerce_payment_tokens","size":32768,"rows":"0"},{"name":"wp_woocommerce_sessions","size":32768,"rows":"0"},{"name":"wp_actionscheduler_logs","size":49152,"rows":"51"},{"name":"wp_commentmeta","size":49152,"rows":"0"},{"name":"wp_term_taxonomy","size":49152,"rows":"15"},{"name":"wp_termmeta","size":49152,"rows":"0"},{"name":"wp_terms","size":49152,"rows":"15"},{"name":"wp_usermeta","size":49152,"rows":"28"},{"name":"wp_wc_customer_lookup","size":49152,"rows":"0"},{"name":"wp_wc_download_log","size":49152,"rows":"0"},{"name":"wp_wc_order_coupon_lookup","size":49152,"rows":"0"},{"name":"wp_wc_order_tax_lookup","size":49152,"rows":"0"},{"name":"wp_woocommerce_api_keys","size":49152,"rows":"0"},{"name":"wp_woocommerce_order_itemmeta","size":49152,"rows":"0"},{"name":"wp_woocommerce_payment_tokenmeta","size":49152,"rows":"0"},{"name":"wp_woocommerce_shipping_zone_locations","size":49152,"rows":"0"},{"name":"wp_woocommerce_tax_rate_locations","size":49152,"rows":"0"},{"name":"wp_users","size":65536,"rows":"0"},{"name":"wp_wc_admin_notes","size":65536,"rows":"64"},{"name":"wp_wc_order_stats","size":65536,"rows":"0"},{"name":"wp_wpforms_payment_meta","size":65536,"rows":"0"},{"name":"wp_wc_admin_note_actions","size":81920,"rows":"90"},{"name":"wp_wc_order_product_lookup","size":81920,"rows":"0"},{"name":"wp_woocommerce_downloadable_product_permissions","size":81920,"rows":"0"},{"name":"wp_woocommerce_tax_rates","size":81920,"rows":"0"},{"name":"wp_comments","size":98304,"rows":"0"},{"name":"wp_wc_product_meta_lookup","size":114688,"rows":"0"},{"name":"wp_actionscheduler_actions","size":131072,"rows":"21"},{"name":"wp_wpforms_payments","size":163840,"rows":"0"},{"name":"wp_postmeta","size":3817472,"rows":"1553"},{"name":"wp_posts","size":4767744,"rows":"216"},{"name":"wp_options","size":5472256,"rows":"455"}],"dump_db":1,"file_type":"databases","home_url":"http:\/\/portfolio.com","root_flag":"custom","php_version":"8.1.9","mysql_version":"8.0.16","wp_version":"6.2.2","file":"portfolio.com_wpvivid-64c1210803d24_2023-07-26-13-35_backup_db.part001.zip"}